Sample ID	Collection date	Geological location name	Latitude/Longtitude	Days since blooming	Air temperature (ËšC)	Humidity (%)	Rainfall (mm)	Sunlight (MJ/m^2)
omgseq_000116	2015-03-31 10:30:00	Fukuoka, Kurume, Japan	33.1946 N 130.3211 E	6	16.9	not collected	0.0	0.0
omgseq_000124	2015-04-02 10:20:00	Fukuoka, Kurume, Japan	33.1946 N 130.3211 E	8	17.2	not collected	0.0	0.0
omgseq_000132	2015-03-31 09:35:00	Oita, Yufu, Japan	33.2100 N 131.5400 E	4	13.2	not collected	0.0	0.4
omgseq_000141	2015-03-31 09:52:00	Oita, Yufu, Japan	33.2100 N 131.5400 E	4	13.2	not collected	0.0	0.4
omgseq_000159	2015-03-25 08:30:23	Kochi, Kochi, Japan	33.5715 N 133.5237 E	3	6.2	49.0	0.0	1.0
omgseq_000167	2015-03-25 09:00:37	Kochi, Kochi, Japan	33.5704 N 133.5600 E	3	9.4	29.0	0.0	1.0
omgseq_000175	2015-03-28 08:42:00	Kochi, Kochi, Japan	33.5715 N 133.5237 E	6	11.9	60.0	0.0	1.0
omgseq_000183	2015-03-28 09:19:18	Kochi, Kochi, Japan	33.5704 N 133.5600 E	6	14.0	50.0	0.0	1.0
omgseq_000191	2015-04-02 08:03:41	Kochi, Kochi, Japan	33.5715 N 133.5237 E	11	16.6	74.0	0.0	1.0
omgseq_000205	2015-04-02 08:03:57	Kochi, Kochi, Japan	33.5704 N 133.5600 E	11	16.6	74.0	0.0	1.0
omgseq_000213	2015-03-28 13:54:45	Kagawa, Takamatsu, Japan	34.3297 N 134.0445 E	2	18.6	34.0	0.0	1.0
omgseq_000221	2015-03-28 14:01:45	Kagawa, Takamatsu, Japan	34.3288 N 134.0426 E	2	20.3	31.0	0.0	1.0
omgseq_000230	2015-04-04 13:43:16	Kagawa, Takamatsu, Japan	34.3490 N 134.0515 E	7	17.9	67.0	0.0	0.0
omgseq_000248	2015-04-04 13:53:16	Kagawa, Takamatsu, Japan	34.3492 N 134.0510 E	7	17.9	67.0	0.0	0.0
omgseq_000256	2015-03-24 10:30:00	Nagasaki, Nagasaki, Japan	32.7723 N 129.8685 E	2	10.8	44.0	0.0	0.9
omgseq_000264	2015-03-24 10:30:00	Nagasaki, Nagasaki, Japan	32.7723 N 129.8685 E	8	10.8	44.0	0.0	0.9
omgseq_000272	2015-03-25 16:45:00	Nagasaki, Nagasaki, Japan	32.7727 N 129.8691 E	3	13.9	35.0	0.0	1.0
omgseq_000281	2015-03-25 16:45:00	Nagasaki, Nagasaki, Japan	32.7727 N 129.8691 E	8	13.9	35.0	0.0	1.0
omgseq_000299	2015-03-30 06:45:00	Fukuoka, Kasuya, Japan	33.7061 N 130.4372 E	4	not collected	not collected	not collected	not collected
omgseq_000302	2015-03-30 07:00:00	Fukuoka, Kasuya, Japan	33.7062 N 130.4372 E	3	not collected	not collected	not collected	not collected
omgseq_000311	2015-04-02 08:00:00	Saga, Saga, Japan	33.2544 N 130.3214 E	14	13.6	88.0	0.0	0.0
omgseq_000329	2015-04-02 08:05:00	Saga, Saga, Japan	33.2544 N 130.3214 E	14	13.6	88.0	0.0	0.0
omgseq_000353	2015-03-30 08:26:00	Kagoshima, Kagoshima, Japan	31.3257 N 130.3050 E	2	14.1	80.0	0.0	1.0
omgseq_000361	2015-03-30 08:41:00	Kagoshima, Kagoshima, Japan	31.3300 N 130.3047 E	2	14.1	80.0	0.0	1.0
omgseq_000370	2015-03-28 17:40:00	Ehime, Matsuyama, Japan	33.8449 N 132.7707 E	1	18.3	46.0	0.0	1.0
omgseq_000388	2015-03-28 18:06:00	Ehime, Matsuyama, Japan	33.8449 N 132.7707 E	1	17.4	50.0	0.0	1.0
omgseq_000396	2015-03-29 07:05:00	Ehime, Matsuyama, Japan	33.8483 N 132.7868 E	2	13.1	86.0	0.0	0.0
omgseq_000400	2015-03-29 07:11:00	Ehime, Matsuyama, Japan	33.8483 N 132.7868 E	2	13.1	86.0	0.0	0.0
omgseq_000418	2015-03-29 05:50:00	Wakayama, Wakayama, Japan	34.2212 N 135.1668 E	4	11.8	74.0	0.0	0.0
omgseq_000426	2015-03-29 06:05:00	Wakayama, Wakayama, Japan	34.2212 N 135.1668 E	not collected	12.1	73.0	0.0	0.0
omgseq_000434	2015-03-31 13:10:00	Kochi, Konan, Japan	33.3700 N 133.4300 E	4	not collected	not collected	not collected	not collected
omgseq_000442	2015-03-31 13:30:00	Kochi, Konan, Japan	33.3700 N 133.4300 E	not collected	not collected	not collected	not collected	not collected
omgseq_000451	2015-03-31 14:30:00	Kochi, Konan, Japan	33.3200 N 133.4100 E	not collected	not collected	not collected	not collected	not collected
omgseq_000469	2015-03-31 14:45:00	Kochi, Konan, Japan	33.3200 N 133.4100 E	not collected	not collected	not collected	not collected	not collected
omgseq_000477	2015-04-04 12:00:00	Hyogo, Himeji, Japan	34.0000 N 134.0000 E	7	22.1	58.0	0.0	1.0
omgseq_000485	2015-04-04 12:15:00	Hyogo, Himeji, Japan	34.0000 N 134.0000 E	7	22.1	58.0	0.0	1.0
omgseq_000493	2015-04-04 11:45:00	Wakayama, Wakayama, Japan	34.2287 N 135.1716 E	10	22.3	65.0	0.0	1.0
omgseq_000507	2015-04-04 12:00:00	Wakayama, Wakayama, Japan	34.2287 N 135.1716 E	8	21.5	59.0	0.0	0.8
omgseq_000515	2015-04-02 12:42:29	Fukuoka, Chikushino, Japan	33.5042 N 130.5690 E	not collected	21.1	not collected	0.0	0.3
omgseq_000523	2015-04-02 13:00:00	Fukuoka, Chikushino, Japan	33.5042 N 130.5690 E	4	23.8	not collected	0.0	0.8
omgseq_000531	2015-04-02 18:00:00	Fukuoka, Kasuya, Japan	33.6104 N 130.4844 E	not collected	not collected	not collected	not collected	not collected
omgseq_000540	2015-04-02 19:00:00	Fukuoka, Kasuya, Japan	33.6104 N 130.4844 E	not collected	not collected	not collected	not collected	not collected
omgseq_000558	2015-04-04 15:20:00	Tokushima, Tokushima, Japan	34.0852 N 134.5419 E	7	17.6	71.0	0.0	0.1
omgseq_000566	2015-04-04 15:06:00	Tokushima, Tokushima, Japan	34.0837 N 134.5421 E	7	17.6	71.0	0.0	0.1
omgseq_000574	2015-04-03 09:33:00	Kyoto, Kyoto, Japan	35.0388 N 135.7763 E	7	16.4	70.0	0.0	0.0
omgseq_000582	2015-04-03 09:41:00	Kyoto, Kyoto, Japan	35.0383 N 135.7766 E	7	16.4	70.0	0.0	0.0
omgseq_000591	2015-04-05 10:30:00	Tokushima, Tokushima, Japan	34.0722 N 134.5566 E	8	18.2	92.0	0.0	0.0
omgseq_000604	2015-04-05 10:50:00	Tokushima, Tokushima, Japan	34.0725 N 134.5562 E	8	18.2	92.0	0.0	0.0
omgseq_000612	2015-04-05 18:11:00	Wakayama, Wakayama, Japan	34.1852 N 135.1900 E	13	19.2	96.0	0.0	0.0
omgseq_000621	2015-04-05 18:44:00	Wakayama, Wakayama, Japan	34.1821 N 135.2123 E	13	19.2	96.0	0.0	0.0
omgseq_000639	2015-04-05 19:12:00	Wakayama, Kainan, Japan	34.1469 N 135.2111 E	23	19.5	96.0	0.0	0.0
omgseq_000647	2015-04-06 08:58:00	Wakayama, Kaiso, Japan	34.1652 N 135.2980 E	23	17.9	94.0	0.0	0.0
omgseq_000655	2015-03-29 17:31:42	Miyazaki, Miyazaki, Japan	31.8349 N 131.4067 E	10	18.3	69.0	0.0	0.8
omgseq_000663	2015-03-29 17:42:00	Miyazaki, Miyazaki, Japan	31.8349 N 131.4067 E	12	18.3	69.0	0.0	0.8
omgseq_000671	2015-03-29 18:31:46	Miyazaki, Miyazaki, Japan	31.7812 N 131.3743 E	5	17.5	71.0	0.0	0.7
omgseq_000680	2015-03-29 18:55:59	Miyazaki, Miyazaki, Japan	31.8148 N 131.3863 E	13	17.5	71.0	0.0	0.7
omgseq_000710	2015-03-29 13:49:00	Kumamoto, Kumamoto, Japan	32.8030 N 130.6993 E	not collected	21.8	47.0	0.0	0.8
omgseq_000728	2015-03-29 13:56:00	Kumamoto, Kumamoto, Japan	32.8030 N 130.6993 E	not collected	21.8	47.0	0.0	0.8
omgseq_000736	2015-04-02 20:40:00	Fukuoka, Iizuka, Japan	33.6507 N 130.6664 E	7	22.8	67.0	0.0	0.0
omgseq_000744	2015-04-02 20:56:00	Fukuoka, Iizuka, Japan	33.6507 N 130.6664 E	7	22.8	67.0	0.0	0.0
omgseq_000779	2015-03-31 12:45:00	Mie, Yokkaichi, Japan	34.9924 N 136.4858 E	3	17.9	59.0	0.0	1.0
omgseq_000787	2015-03-31 12:50:31	Mie, Yokkaichi, Japan	34.9872 N 136.4929 E	3	17.9	59.0	0.0	1.0
omgseq_000795	2015-04-09 11:39:00	Tokyo, Shinagawa, Japan	35.3740 N 139.4458 E	not collected	9.5	39.0	0.0	1.0
omgseq_000809	2015-04-04 18:45:00	Tokyo, Meguro, Japan	35.3838 N 139.4224 E	not collected	11.3	62.0	0.0	0.0
omgseq_000817	2015-04-04 17:42:00	Tokyo, Meguro, Japan	35.3860 N 139.4121 E	not collected	12.5	65.0	0.0	0.0
omgseq_000825	2015-04-04 17:54:00	Tokyo, Meguro, Japan	35.3945 N 139.4111 E	not collected	12.5	65.0	0.0	0.0
omgseq_000833	2015-04-04 18:26:00	Tokyo, Meguro, Japan	35.3845 N 139.4155 E	not collected	11.3	62.0	0.0	0.0
omgseq_000841	2015-04-04 17:04:00	Tokyo, Meguro, Japan	35.3756 N 139.4245 E	not collected	12.5	65.0	0.0	0.0
omgseq_000850	2015-04-05 19:30:00	Tokyo, Toshima, Japan	35.7233 N 139.7134 E	not collected	10.9	97.0	0.0	0.0
omgseq_000868	2015-04-05 11:00:00	Tokyo, Hachioji, Japan	35.6266 N 139.2292 E	not collected	9.7	not collected	0.0	0.0
omgseq_000876	2015-04-12 11:25:00	Tokyo, Hachioji, Japan	35.6258 N 139.2358 E	not collected	14.3	not collected	0.0	1.0
omgseq_000884	2015-04-12 12:45:00	Tokyo, Hachioji, Japan	35.6304 N 139.2554 E	not collected	15.8	not collected	0.0	1.0
omgseq_000892	2015-04-01 00:00:00	Tokyo, Hachioji, Japan	35.6532 N 139.3026 E	not collected	11.0	not collected	0.0	not collected
omgseq_000906	2015-04-01 00:00:00	Tokyo, Hachioji, Japan	35.6532 N 139.3026 E	not collected	11.0	not collected	0.0	not collected
omgseq_000914	2015-04-04 08:36:00	Kyoto, Kyoto, Japan	34.9329 N 135.7558 E	7	13.7	76.0	0.0	0.0
omgseq_000922	2015-04-04 08:36:00	Kyoto, Kyoto, Japan	34.9329 N 135.7558 E	7	13.7	76.0	0.0	0.0
omgseq_000931	2015-04-04 09:11:00	Kyoto, Kyoto, Japan	34.9280 N 135.7626 E	7	14.8	70.0	0.0	0.0
omgseq_000949	2015-04-04 09:11:00	Kyoto, Kyoto, Japan	34.9280 N 135.7626 E	7	14.8	70.0	0.0	0.0
omgseq_000957	2015-04-06 10:07:00	Tokyo, Hachioji, Japan	35.6532 N 139.3026 E	7	18.4	not collected	0.0	1.0
omgseq_000965	2015-04-06 10:07:00	Tokyo, Hachioji, Japan	35.6532 N 139.3026 E	7	18.4	not collected	0.0	1.0
omgseq_000973	2015-04-06 10:27:00	Tokyo, Hachioji, Japan	35.6532 N 139.3026 E	7	18.4	not collected	0.0	1.0
omgseq_000981	2015-04-06 10:27:00	Tokyo, Hachioji, Japan	35.6532 N 139.3026 E	7	18.4	not collected	0.0	1.0
omgseq_000990	2015-04-02 12:34:49	Kanagawa, Miura, Japan	35.2715 N 139.5858 E	4	13.9	not collected	0.0	1.0
omgseq_001007	2015-04-02 12:34:49	Kanagawa, Miura, Japan	35.2715 N 139.5858 E	4	13.9	not collected	0.0	1.0
omgseq_001015	2015-04-02 13:10:44	Kanagawa, Miura, Japan	35.2771 N 139.5737 E	not collected	14.8	not collected	0.0	1.0
omgseq_001023	2015-04-02 13:10:44	Kanagawa, Miura, Japan	35.2771 N 139.5737 E	not collected	14.8	not collected	0.0	1.0
omgseq_001031	2015-04-04 14:00:00	Tokyo, Shinjuku, Japan	35.6752 N 139.7150 E	6	13.2	60.0	0.0	0.0
omgseq_001058	2015-04-02 09:12:33	Aichi, Inuyama, Japan	35.2324 N 136.5728 E	11	10.9	not collected	0.0	0.0
omgseq_001066	2015-04-02 09:36:51	Aichi, Inuyama, Japan	35.2303 N 136.5726 E	11	10.9	not collected	0.0	0.0
omgseq_001074	2015-04-02 10:32:44	Gifu, Kagamihara, Japan	35.2325 N 136.5604 E	11	13.4	55.0	0.0	0.1
omgseq_001082	2015-04-02 10:42:42	Aichi, Inuyama, Japan	35.2317 N 136.5617 E	11	12.8	not collected	0.0	0.0
omgseq_001091	2015-04-07 13:00:00	Osaka, Suita, Japan	34.4970 N 135.3124 E	9	10.4	not collected	0.0	not collected
omgseq_001104	2015-04-09 12:00:00	Osaka, Suita, Japan	34.4960 N 135.3123 E	11	13.6	not collected	0.0	not collected
omgseq_001112	2015-04-03 04:00:00	Osaka, Suita, Japan	34.4960 N 135.3124 E	5	15.6	not collected	0.0	not collected
omgseq_001121	2015-04-03 12:00:00	Osaka, Suita, Japan	34.4970 N 135.3124 E	5	17.7	not collected	0.0	not collected
omgseq_001139	2015-04-02 16:50:00	Shizuoka, Mishima, Japan	35.1173 N 138.9378 E	7	14.8	54.0	0.0	0.0
omgseq_001147	2015-04-02 17:00:00	Shizuoka, Mishima, Japan	35.1173 N 138.9378 E	7	13.8	56.0	0.0	0.0
omgseq_001155	2015-04-02 17:30:00	Shizuoka, Mishima, Japan	35.1198 N 138.9372 E	7	13.8	56.0	0.0	0.0
omgseq_001163	2015-04-02 17:40:00	Shizuoka, Mishima, Japan	35.1198 N 138.9371 E	7	13.8	56.0	0.0	0.0
omgseq_001171	2015-04-06 15:20:00	Shizuoka, Mishima, Japan	35.1173 N 138.9378 E	11	23.0	63.0	0.0	0.3
omgseq_001180	2015-04-06 15:30:00	Shizuoka, Mishima, Japan	35.1173 N 138.9378 E	11	23.0	63.0	0.0	0.3
omgseq_001198	2015-04-06 15:40:00	Shizuoka, Mishima, Japan	35.1174 N 138.9386 E	11	23.0	63.0	0.0	0.3
omgseq_001201	2015-04-06 16:00:00	Shizuoka, Mishima, Japan	35.1143 N 138.9333 E	11	21.8	68.0	0.0	0.1
omgseq_001210	2015-04-06 16:30:00	Shizuoka, Mishima, Japan	35.1575 N 138.9283 E	11	21.8	68.0	0.0	0.1
omgseq_001228	2015-04-06 16:50:00	Shizuoka, Mishima, Japan	35.1510 N 138.9138 E	11	21.8	68.0	0.0	0.1
omgseq_001236	2015-03-28 19:15:00	Tokyo, Koto, Japan	35.6465 N 139.8167 E	5	16.3	39.0	0.0	0.0
omgseq_001244	2015-03-30 18:52:00	Tokyo, Koto, Japan	35.6465 N 139.8167 E	7	17.4	43.0	0.0	0.6
omgseq_001252	2015-03-30 11:55:00	Tokyo, Komae, Japan	35.6448 N 139.5670 E	7	21.2	29.0	0.0	1.0
omgseq_001261	2015-03-30 12:01:00	Tokyo, Komae, Japan	35.6453 N 139.5675 E	7	22.1	25.0	0.0	1.0
omgseq_001279	2015-03-30 14:12:00	Tokyo, Kiyose, Japan	35.7721 N 139.5118 E	7	20.4	not collected	0.0	1.0
omgseq_001287	2015-03-30 14:21:00	Tokyo, Kiyose, Japan	35.7718 N 139.5111 E	7	20.4	not collected	0.0	1.0
omgseq_001295	2015-03-30 16:15:00	Tokyo, Kita, Japan	35.7515 N 139.7378 E	7	20.6	35.0	0.0	1.0
omgseq_001309	2015-03-30 16:19:00	Tokyo, Kita, Japan	35.7512 N 139.7386 E	7	20.6	35.0	0.0	1.0
omgseq_001317	2015-03-30 15:27:00	Tokyo, Toshima, Japan	35.7369 N 139.7226 E	7	21.0	33.0	0.0	1.0
omgseq_001325	2015-03-30 15:38:00	Tokyo, Toshima, Japan	35.7362 N 139.7231 E	7	21.0	33.0	0.0	1.0
omgseq_001333	2015-04-06 17:30:00	Osaka, Suita, Japan	34.8194 N 135.5283 E	9	15.7	not collected	0.0	not collected
omgseq_001341	2015-04-06 17:35:00	Osaka, Suita, Japan	34.8194 N 135.5283 E	9	15.7	not collected	0.0	not collected
omgseq_001350	2015-04-02 12:00:00	Osaka, Suita, Japan	34.8182 N 135.5219 E	4	19.0	not collected	0.0	not collected
omgseq_001368	2015-04-02 20:00:00	Osaka, Suita, Japan	34.4960 N 135.3124 E	4	16.6	not collected	0.0	not collected
omgseq_001376	2015-04-03 10:00:00	Nara, Ikoma, Japan	34.7310 N 135.7328 E	2	19.2	70.0	0.0	0.0
omgseq_001384	2015-04-03 10:50:00	Nara, Ikoma, Japan	34.7310 N 135.7328 E	3	19.2	70.0	0.0	0.0
omgseq_001392	2015-04-07 13:12:00	Nara, Nara, Japan	34.6778 N 135.7622 E	4	9.2	76.0	0.0	0.0
omgseq_001406	2015-04-07 13:20:00	Nara, Nara, Japan	34.6778 N 135.7622 E	4	9.2	76.0	0.0	0.0
omgseq_001414	2015-04-02 07:32:36	Gifu, Gifu, Japan	35.2215 N 136.4359 E	8	9.9	75.0	0.0	1.0
omgseq_001422	2015-04-02 07:46:28	Gifu, Gifu, Japan	35.2215 N 136.4359 E	8	9.9	75.0	0.0	1.0
omgseq_001431	2015-04-04 15:31:00	Mie, Kuwana, Japan	35.0155 N 136.4416 E	11	16.1	not collected	0.0	0.0
omgseq_001449	2015-04-04 15:42:00	Mie, Kuwana, Japan	35.0155 N 136.4416 E	11	16.1	not collected	0.0	0.0
omgseq_001457	2015-04-06 20:57:00	Aichi, Nagakute, Japan	35.1029 N 137.0159 E	15	16.3	94.0	0.0	0.0
omgseq_001465	2015-04-06 00:00:00	Aichi, Nagakute, Japan	35.1030 N 137.0200 E	15	13.8	96.0	0.0	0.0
omgseq_001490	2015-04-05 17:05:06	Kyoto, Nantan, Japan	35.1058 N 135.4708 E	not collected	16.1	not collected	0.0	0.0
omgseq_001503	2015-04-05 17:05:03	Kyoto, Nantan, Japan	35.1054 N 135.4709 E	not collected	16.1	not collected	0.0	0.0
omgseq_001511	2015-04-12 16:57:23	Shiga, Koga, Japan	34.9367 N 136.2608 E	not collected	17.5	not collected	0.0	0.0
omgseq_001520	2015-04-12 16:57:26	Shiga, Koga, Japan	34.9367 N 136.2608 E	not collected	17.5	not collected	0.0	0.0
omgseq_001538	2015-04-12 17:19:30	Shiga, Koga, Japan	34.9548 N 136.3258 E	not collected	16.8	not collected	0.0	0.0
omgseq_001546	2015-04-12 17:31:51	Shiga, Koga, Japan	34.9548 N 136.3256 E	not collected	16.8	not collected	0.0	0.0
omgseq_001554	2015-04-02 07:36:11	Gifu, Gifu, Japan	35.2215 N 136.4359 E	8	9.9	75.0	0.0	1.0
omgseq_001562	2015-04-02 07:36:11	Gifu, Gifu, Japan	35.2215 N 136.4359 E	8	9.9	75.0	0.0	1.0
omgseq_001597	2015-04-05 16:06:00	Hyogo, Amagasaki, Japan	34.7639 N 135.4031 E	7	not collected	not collected	0.0	not collected
omgseq_001601	2015-04-05 16:09:00	Hyogo, Amagasaki, Japan	34.7639 N 135.4031 E	7	not collected	not collected	0.0	not collected
omgseq_001619	2015-04-06 08:40:00	Osaka, Sakai, Japan	34.5483 N 135.5028 E	12	16.3	not collected	0.0	0.0
omgseq_001627	2015-04-06 21:20:00	Osaka, Sakai, Japan	34.5482 N 135.5030 E	12	14.3	not collected	0.0	not collected
omgseq_001694	2015	Japan	not collected	not collected	not collected	not collected	not collected	not collected
omgseq_001708	2015	Japan	not collected	not collected	not collected	not collected	not collected	not collected
omgseq_001716	2015	Japan	not collected	not collected	not collected	not collected	not collected	not collected
omgseq_001724	2015	Japan	not collected	not collected	not collected	not collected	not collected	not collected
omgseq_001732	2015	Japan	not collected	not collected	not collected	not collected	not collected	not collected
omgseq_001741	2015	Japan	not collected	not collected	not collected	not collected	not collected	not collected
omgseq_001759	2015	Japan	not collected	not collected	not collected	not collected	not collected	not collected
omgseq_001767	2015	Japan	not collected	not collected	not collected	not collected	not collected	not collected
omgseq_001775	2015-04-03 09:05:15	Tokyo, Chofu, Japan	35.6618 N 139.5852 E	9	not collected	not collected	not collected	not collected
omgseq_001783	2015-04-03 09:17:38	Tokyo, Chofu, Japan	35.6621 N 139.5855 E	9	not collected	not collected	not collected	not collected
omgseq_001791	2015-04-12 16:44:57	Tokyo, Hachioji, Japan	35.6313 N 139.2673 E	13	16.6	not collected	0.0	0.3
omgseq_001805	2015-04-12 16:53:58	Tokyo, Hachioji, Japan	35.6321 N 139.2700 E	13	16.6	not collected	0.0	0.3
omgseq_001813	2015-03-31 13:30:00	Tokyo, Taito, Japan	35.4237 N 139.4610 E	8	22.4	33.0	0.0	1.0
omgseq_001821	2015-03-31 13:45:00	Tokyo, Taito, Japan	35.4237 N 139.4610 E	8	22.4	33.0	0.0	1.0
omgseq_001830	2015-03-31 16:18:00	Gifu, Gifu, Japan	35.4637 N 136.7386 E	5	21.4	41.0	0.0	1.0
omgseq_001848	2015-03-31 16:29:00	Gifu, Gifu, Japan	35.4637 N 136.7386 E	5	21.4	41.0	0.0	1.0
omgseq_001856	2015-04-04 14:25:48	Hyogo, Himeji, Japan	34.8346 N 134.6914 E	8	21.2	62.0	0.0	0.0
omgseq_001864	2015-04-04 14:35:47	Hyogo, Himeji, Japan	34.8346 N 134.6914 E	8	21.2	62.0	0.0	0.0
omgseq_001872	2015-04-09 15:03:01	Aichi, Nagoya, Japan	35.1551 N 136.9858 E	19	15.2	58.0	0.0	0.4
omgseq_001881	2015-04-09 15:18:28	Aichi, Nagoya, Japan	35.1551 N 136.9858 E	19	15.2	58.0	0.0	0.4
omgseq_001899	2015-04-06 10:05:31	Shiga, Kusatsu, Japan	35.0062 N 135.9534 E	not collected	14.3	not collected	0.5	0.0
omgseq_001902	2015-04-06 12:51:10	Shiga, Kusatsu, Japan	34.9603 N 135.9598 E	not collected	14.6	not collected	0.0	0.0
omgseq_001911	2015-04-12 13:19:16	Tottori, Iwami, Japan	35.5528 N 134.3904 E	not collected	19.4	35.0	0.0	1.0
omgseq_001929	2015-04-12 18:24:21	Tottori, Tottori, Japan	35.4232 N 134.0913 E	not collected	15.2	65.0	0.0	0.0
omgseq_001937	2015-04-01 12:41:30	Kyoto, Kyoto, Japan	35.0304 N 135.7857 E	5	16.8	88.0	0.0	0.0
omgseq_001945	2015-04-01 12:36:14	Kyoto, Kyoto, Japan	35.0304 N 135.7848 E	5	16.8	88.0	0.0	0.0
omgseq_001953	2015-03-30 16:12:50	Kyoto, Kyoto, Japan	35.0304 N 135.7857 E	3	21.4	32.0	0.0	1.0
omgseq_001961	2015-03-30 16:07:22	Kyoto, Kyoto, Japan	35.0304 N 135.7848 E	3	21.4	32.0	0.0	1.0
omgseq_001970	2015-04-04 14:47:00	Kyoto, Kyoto, Japan	35.0304 N 135.7848 E	8	23.8	51.0	0.0	0.0
omgseq_001988	2015-04-04 14:52:00	Kyoto, Kyoto, Japan	35.0304 N 135.7857 E	8	23.8	51.0	0.0	0.0
omgseq_001996	2015-03-28 12:12:02	Kyoto, Kyoto, Japan	35.0304 N 135.7848 E	1	20.3	28.0	0.0	1.0
omgseq_002003	2015-03-28 12:06:28	Kyoto, Kyoto, Japan	35.0304 N 135.7857 E	1	20.3	28.0	0.0	1.0
omgseq_002011	2015-04-06 13:15:34	Kyoto, Kyoto, Japan	35.0304 N 135.7848 E	10	16.6	80.0	0.0	0.0
omgseq_002020	2015-04-06 13:20:40	Kyoto, Kyoto, Japan	35.0304 N 135.7857 E	10	16.6	80.0	0.0	0.0
omgseq_002038	2015-04-02 17:56:00	Kyoto, Kyoto, Japan	35.0191 N 135.7741 E	5	17.3	60.0	0.0	0.2
omgseq_002046	2015-04-02 18:20:05	Kyoto, Kyoto, Japan	35.0191 N 135.7741 E	5	16.4	64.0	0.0	0.0
omgseq_002054	2015-04-02 18:30:15	Kyoto, Kyoto, Japan	35.0191 N 135.7741 E	5	16.4	64.0	0.0	0.0
omgseq_002062	2015-04-02 18:23:35	Kyoto, Kyoto, Japan	35.0191 N 135.7741 E	not collected	16.4	64.0	0.0	0.0
omgseq_002071	2015-04-04 09:30:00	Kyoto, Uji, Japan	34.9170 N 135.7955 E	not collected	14.8	70.0	0.0	0.0
omgseq_002089	2015-04-04 09:35:00	Kyoto, Uji, Japan	34.9170 N 135.7955 E	not collected	14.8	70.0	0.0	0.0
omgseq_002097	2015-04-09 15:35:00	Shiga, Otsu, Japan	34.9651 N 135.9402 E	not collected	12.5	not collected	0.0	0.5
omgseq_002101	2015-04-09 15:40:00	Shiga, Otsu, Japan	34.9651 N 135.9402 E	not collected	12.5	not collected	0.0	0.5
omgseq_002119	2015	Japan	not collected	not collected	not collected	not collected	not collected	not collected
omgseq_002127	2015	Japan	not collected	not collected	not collected	not collected	not collected	not collected
omgseq_002135	2015-04-02 09:30:12	Shiga, Kusatsu, Japan	34.0000 N 135.0000 E	4	12.5	not collected	0.0	1.0
omgseq_002143	2015-04-02 09:48:16	Shiga, Kusatsu, Japan	34.0000 N 135.0000 E	not collected	12.5	not collected	0.0	1.0
omgseq_002178	2015-04-02 14:30:00	Shiga, Otsu, Japan	34.9703 N 135.9584 E	3	19.4	not collected	0.0	1.0
omgseq_002186	2015-04-02 14:32:00	Shiga, Otsu, Japan	34.9703 N 135.9584 E	3	19.4	not collected	0.0	1.0
omgseq_002194	2015-04-02 14:30:00	Shiga, Otsu, Japan	34.9703 N 135.9584 E	3	19.4	not collected	0.0	1.0
omgseq_002208	2015-04-02 14:34:00	Shiga, Otsu, Japan	34.9703 N 135.9584 E	3	19.4	not collected	0.0	1.0
omgseq_002216	2015-04-02 17:45:00	Kyoto, Kyoto, Japan	35.2400 N 135.4719 E	4	17.3	60.0	0.0	0.2
omgseq_002224	2015-04-02 17:55:00	Kyoto, Kyoto, Japan	35.0211 N 135.4718 E	not collected	17.3	60.0	0.0	0.2
omgseq_002259	2015-04-02 15:03:48	Hyogo, Kobe, Japan	34.6913 N 135.1830 E	3	18.0	52.0	0.0	1.0
omgseq_002267	2015-04-02 15:06:14	Hyogo, Kobe, Japan	34.6913 N 135.1830 E	3	18.0	52.0	0.0	1.0
omgseq_002275	2015-04-04 15:45:00	Yamaguchi, Yamaguchi, Japan	34.1397 N 131.4692 E	10	21.7	70.0	0.0	0.0
omgseq_002283	2015-04-04 15:45:00	Yamaguchi, Yamaguchi, Japan	34.1397 N 131.4692 E	10	21.7	70.0	0.0	0.0
omgseq_002291	2015-04-04 15:45:00	Yamaguchi, Yamaguchi, Japan	34.1397 N 131.4692 E	10	21.7	70.0	0.0	0.0
omgseq_002313	2015-04-04 15:45:00	Yamaguchi, Yamaguchi, Japan	34.1397 N 131.4692 E	10	21.7	70.0	0.0	0.0
omgseq_002321	2015-04-04 15:45:00	Yamaguchi, Yamaguchi, Japan	34.1397 N 131.4692 E	10	21.7	70.0	0.0	0.0
omgseq_002330	2015-04-04 15:45:00	Yamaguchi, Yamaguchi, Japan	34.1397 N 131.4692 E	10	21.7	70.0	0.0	0.0
omgseq_002348	2015-04-04 15:45:00	Yamaguchi, Yamaguchi, Japan	34.1397 N 131.4692 E	10	21.7	70.0	0.0	0.0
omgseq_002356	2015-04-04 15:45:00	Yamaguchi, Yamaguchi, Japan	34.1397 N 131.4692 E	10	21.7	70.0	0.0	0.0
omgseq_002364	2015-04-04 15:45:00	Yamaguchi, Yamaguchi, Japan	34.1397 N 131.4692 E	10	21.7	70.0	0.0	0.0
omgseq_002381	2015-04-04 14:50:00	Shizuoka, Mishima, Japan	35.7320 N 138.5458 E	not collected	17.1	54.0	0.0	0.0
omgseq_002399	2015-04-04 14:54:00	Shizuoka, Mishima, Japan	35.7321 N 138.5457 E	not collected	17.1	54.0	0.0	0.0
omgseq_002411	2015-03-31 10:20:00	Shizuoka, Numazu, Japan	35.1305 N 138.8789 E	6	18.0	60.0	0.0	1.0
omgseq_002429	2015-03-31 10:40:00	Shizuoka, Numazu, Japan	35.1362 N 138.8670 E	not collected	18.0	60.0	0.0	1.0
omgseq_002437	2015-04-06 13:40:00	Chiba, Kashiwa, Japan	35.8949 N 139.9414 E	not collected	22.0	not collected	0.0	0.9
omgseq_002445	2015-04-06 14:00:00	Chiba, Kashiwa, Japan	35.9028 N 139.9391 E	not collected	22.7	not collected	0.0	0.8
omgseq_002453	2015-03-31 17:13:00	Chiba, Chiba, Japan	35.6253 N 140.1020 E	7	19.8	38.0	0.0	1.0
omgseq_002461	2015-03-31 17:50:34	Chiba, Chiba, Japan	35.6266 N 140.1021 E	7	19.8	38.0	0.0	1.0
omgseq_002470	2015-04-03 14:34:00	Kanagawa, Yokohama, Japan	35.3052 N 139.2902 E	7	18.4	90.0	0.0	0.0
omgseq_002488	2015-04-03 14:44:00	Kanagawa, Yokohama, Japan	35.3052 N 139.2902 E	0	18.4	90.0	0.0	0.0
omgseq_002496	2015-04-04 18:26:00	Kanagawa, Yokohama, Japan	35.2723 N 139.3819 E	12	11.9	70.0	0.0	0.0
omgseq_002500	2015-04-04 19:39:00	Kanagawa, Yokohama, Japan	35.2715 N 139.3756 E	12	11.3	67.0	0.0	0.0
omgseq_002518	2015-03-28 17:20:00	Kanagawa, Odawara, Japan	35.1839 N 139.0855 E	0	18.5	not collected	0.0	1.0
omgseq_002526	2015-03-28 17:25:00	Kanagawa, Odawara, Japan	35.1839 N 139.0854 E	1	18.5	not collected	0.0	1.0
omgseq_002534	2015-03-30 14:30:00	Kanagawa, Sagamihara, Japan	35.3158 N 139.2552 E	0	not collected	not collected	0.0	not collected
omgseq_002542	2015-03-30 14:20:00	Kanagawa, Sagamihara, Japan	35.3158 N 139.2552 E	2	not collected	not collected	0.0	not collected
omgseq_002551	2015-03-31 09:45:00	Kanagawa, Odawara, Japan	35.1836 N 139.0856 E	0	16.6	not collected	0.0	1.0
omgseq_002569	2015-03-31 09:50:00	Kanagawa, Odawara, Japan	35.1836 N 139.0856 E	4	16.6	not collected	0.0	1.0
omgseq_002577	2015-03-30 22:05:00	Tokyo, Kunitachi, Japan	35.6900 N 139.4500 E	3	14.4	not collected	0.0	not collected
omgseq_002585	2015-03-30 22:15:00	Tokyo, Kunitachi, Japan	35.6900 N 139.4500 E	3	14.4	not collected	0.0	not collected
omgseq_002593	2015-05-04 16:30:00	Nagano, Kitasaku, Japan	36.3508 N 138.5955 E	not collected	23.5	not collected	0.0	0.2
omgseq_002607	2015-05-04 16:30:00	Nagano, Kitasaku, Japan	36.3508 N 138.5955 E	not collected	23.5	not collected	0.0	0.2
omgseq_002615	2015-05-04 17:20:00	Nagano, Kitasaku, Japan	36.3596 N 138.6090 E	not collected	22.2	not collected	0.0	0.2
omgseq_002623	2015-05-04 17:20:00	Nagano, Kitasaku, Japan	36.3596 N 138.6090 E	not collected	22.2	not collected	0.0	0.2
omgseq_002631	2015-05-05 16:00:00	Nagano, Kitasaku, Japan	36.2975 N 138.6208 E	not collected	21.0	not collected	0.0	1.0
omgseq_002640	2015-05-05 16:00:00	Nagano, Kitasaku, Japan	36.2975 N 138.6208 E	not collected	21.0	not collected	0.0	1.0
omgseq_002658	2015-05-05 16:40:00	Nagano, Kitasaku, Japan	36.2988 N 138.6227 E	not collected	21.0	not collected	0.0	1.0
omgseq_002666	2015-05-05 16:40:00	Nagano, Kitasaku, Japan	36.2988 N 138.6227 E	not collected	21.0	not collected	0.0	1.0
omgseq_002712	2015-03-31 14:00:00	Kanagawa, Sagamihara, Japan	35.5400 N 139.3958 E	3	not collected	not collected	0.0	not collected
omgseq_002721	2015-04-02 14:14:40	Kanagawa, Sagamihara, Japan	35.5400 N 139.3958 E	5	not collected	not collected	0.0	not collected
omgseq_002739	2015-04-07 00:35:38	Tokyo, Setagaya, Japan	35.6584 N 139.6549 E	5	13.0	82.0	0.0	0.0
omgseq_002747	2015-04-07 00:46:35	Tokyo, Setagaya, Japan	35.6584 N 139.6549 E	5	13.0	82.0	0.0	0.0
omgseq_002755	2015-04-02 14:00:00	Kanagawa, Yokohama, Japan	35.3476 N 139.6421 E	not collected	15.8	45.0	0.0	1.0
omgseq_002763	2015-04-02 14:40:00	Kanagawa, Yokohama, Japan	35.3476 N 139.6421 E	3	15.8	45.0	0.0	1.0
omgseq_002771	2015-03-29 08:00:00	Tokyo, Kunitachi, Japan	35.6843 N 139.4177 E	2	12.4	not collected	0.0	1.0
omgseq_002780	2015-03-28 17:00:00	Tokyo, Kunitachi, Japan	35.6889 N 139.4471 E	1	19.2	not collected	0.0	1.0
omgseq_002798	2015-04-07 13:14:00	Kanagawa, Yokohama, Japan	35.4662 N 139.6227 E	8	11.2	87.0	0.0	0.0
omgseq_002801	2015-04-07 08:24:00	Kanagawa, Yokohama, Japan	35.4662 N 139.6227 E	8	10.4	96.0	0.0	0.0
omgseq_002810	2015-04-07 19:16:00	Kanagawa, Yokohama, Japan	35.4662 N 139.6227 E	8	9.7	88.0	0.0	0.0
omgseq_002828	2015-04-07 20:01:00	Kanagawa, Yokohama, Japan	35.4836 N 139.5745 E	8	9.0	92.0	0.0	0.0
omgseq_002836	2015-04-08 08:17:00	Kanagawa, Yokohama, Japan	35.4662 N 139.6227 E	9	3.6	94.0	3.5	0.0
omgseq_002844	2015-04-08 22:12:00	Kanagawa, Yokohama, Japan	35.4662 N 139.6227 E	9	4.4	86.0	0.0	0.0
omgseq_002852	2015-04-20 07:47:00	Kanagawa, Yokohama, Japan	35.4836 N 139.5745 E	4	17.2	91.0	0.0	0.0
omgseq_002861	2015-04-20 21:04:00	Kanagawa, Yokohama, Japan	35.4836 N 139.5745 E	4	20.4	95.0	1.5	0.0
omgseq_002879	2015-04-02 11:30:00	Tokyo, Setagaya, Japan	35.6366 N 139.6334 E	8	12.8	51.0	0.0	0.9
omgseq_002887	2015-04-02 11:05:00	Tokyo, Setagaya, Japan	35.6399 N 139.6314 E	8	12.8	51.0	0.0	0.9
omgseq_002895	2015-04-01 11:15:00	Tokyo, Setagaya, Japan	35.6399 N 139.6314 E	7	17.6	63.0	0.0	0.0
omgseq_002909	2015-04-02 11:30:00	Tokyo, Setagaya, Japan	35.6366 N 139.6334 E	8	12.8	51.0	0.0	0.9
omgseq_002950	2015-04-09 10:25:00	Kanagawa, Odawara, Japan	35.1691 N 139.1056 E	15	8.1	not collected	0.0	1.0
omgseq_002968	2015-04-09 10:30:00	Kanagawa, Odawara, Japan	35.1694 N 139.1055 E	15	8.1	not collected	0.0	1.0
omgseq_002976	2015-04-04 07:20:00	Tokyo, Shinagawa, Japan	36.0000 N 140.0000 E	12	12.9	58.0	0.0	0.0
omgseq_002984	2015-04-04 07:30:00	Tokyo, Shinagawa, Japan	35.0000 N 140.0000 E	12	12.9	58.0	0.0	0.0
omgseq_002992	2015-03-31 12:59:00	Tokyo, Musashino, Japan	35.7027 N 139.5764 E	3	not collected	not collected	not collected	not collected
omgseq_003000	2015-03-31 13:08:00	Tokyo, Musashino, Japan	35.7027 N 139.5764 E	3	not collected	not collected	not collected	not collected
omgseq_003018	2015-03-31 14:47:00	Tokyo, Musashino, Japan	35.7047 N 139.5754 E	4	not collected	not collected	not collected	not collected
omgseq_003026	2015-03-31 14:54:00	Tokyo, Musashino, Japan	35.7047 N 139.5754 E	4	not collected	not collected	not collected	not collected
omgseq_003034	2015-03-29 15:00:00	Saitama, Saitama, Japan	35.9168 N 139.6297 E	not collected	19.1	not collected	0.0	0.0
omgseq_003042	2015-04-12 19:00:00	Tokyo, Minato, Japan	35.6662 N 139.7304 E	20	13.2	58.0	0.0	0.0
omgseq_003051	2015-04-01 09:30:00	Kanagawa, Yokohama, Japan	35.4333 N 139.6263 E	not collected	15.9	81.0	0.0	0.0
omgseq_003069	2015-04-01 09:30:00	Kanagawa, Yokohama, Japan	35.4333 N 139.6263 E	not collected	15.9	81.0	0.0	0.0
omgseq_003077	2015-04-07 15:25:00	Kanagawa, Kawasaki, Japan	35.5729 N 139.6566 E	15	11.0	85.0	0.0	0.0
omgseq_003085	2015-04-07 15:45:00	Kanagawa, Kawasaki, Japan	35.5734 N 139.6563 E	15	11.0	85.0	0.0	0.0
omgseq_003093	2015-03-31 13:00:00	Chiba, Kashiwa, Japan	35.9029 N 139.9392 E	5	not collected	not collected	not collected	not collected
omgseq_003107	2015-03-31 13:00:00	Chiba, Kashiwa, Japan	35.9029 N 139.9391 E	5	20.6	not collected	0.0	1.0
omgseq_003115	2015-03-30 13:00:00	Tokyo, Meguro, Japan	35.6060 N 139.6834 E	4	20.7	32.0	0.0	1.0
omgseq_003123	2015-03-30 13:00:00	Tokyo, Meguro, Japan	35.6060 N 139.6834 E	not collected	20.7	32.0	0.0	1.0
omgseq_003131	2015-03-30 13:30:00	Tokyo, Meguro, Japan	35.6059 N 139.6836 E	not collected	20.7	32.0	0.0	1.0
omgseq_003140	2015-03-30 13:30:00	Tokyo, Meguro, Japan	35.6059 N 139.6836 E	not collected	20.7	32.0	0.0	1.0
omgseq_003158	2015-03-30 13:38:00	Tokyo, Meguro, Japan	35.3620 N 139.4127 E	2	20.7	32.0	0.0	1.0
omgseq_003166	2015-03-30 13:38:00	Tokyo, Meguro, Japan	35.3620 N 139.4127 E	2	20.7	32.0	0.0	1.0
omgseq_003174	2015-03-30 14:08:00	Tokyo, Ota, Japan	35.3652 N 139.4158 E	2	21.8	34.0	0.0	1.0
omgseq_003182	2015-03-30 14:08:00	Tokyo, Ota, Japan	35.3651 N 139.4160 E	2	21.8	34.0	0.0	1.0
omgseq_003191	2015-03-31 12:45:00	Kanagawa, Atsugi, Japan	35.4272 N 139.3685 E	5	20.1	not collected	0.0	1.0
omgseq_003204	2015-03-31 12:50:00	Kanagawa, Atsugi, Japan	35.4272 N 139.3685 E	5	20.1	not collected	0.0	1.0
omgseq_003212	2015-03-31 13:05:00	Kanagawa, Atsugi, Japan	35.4125 N 139.3649 E	5	20.4	not collected	0.0	1.0
omgseq_003221	2015-03-31 13:10:00	Kanagawa, Atsugi, Japan	35.4125 N 139.3649 E	5	20.4	not collected	0.0	1.0
omgseq_003239	2015-04-01 09:00:00	Tokyo, Minato, Japan	35.6305 N 139.7785 E	5	15.6	67.0	0.0	0.0
omgseq_003247	2015-04-01 09:10:00	Tokyo, Minato, Japan	35.6305 N 139.7785 E	1	15.6	67.0	0.0	0.0
omgseq_003255	2015-04-03 07:58:00	Chiba, Chiba, Japan	35.5490 N 140.1740 E	5	15.0	80.0	0.0	0.0
omgseq_003263	2015-04-03 07:58:00	Chiba, Chiba, Japan	35.5490 N 140.1740 E	5	15.0	80.0	0.0	0.0
omgseq_003271	2015-04-03 07:36:00	Chiba, Chiba, Japan	35.5490 N 140.1740 E	5	15.0	80.0	0.0	0.0
omgseq_003280	2015-04-03 07:32:00	Chiba, Chiba, Japan	35.5490 N 140.1740 E	5	15.0	80.0	0.0	0.0
omgseq_003298	2015-04-03 06:54:00	Chiba, Chiba, Japan	35.5450 N 140.1800 E	5	14.2	77.0	0.0	0.0
omgseq_003301	2015-04-03 06:32:00	Chiba, Chiba, Japan	35.5440 N 140.1800 E	5	14.2	77.0	0.0	0.0
omgseq_003310	2015-04-02 12:18:38	Tokyo, Bunkyo, Japan	35.7107 N 139.7636 E	not collected	14.6	45.0	0.0	0.6
omgseq_003328	2015-04-02 12:34:16	Tokyo, Bunkyo, Japan	35.7110 N 139.7637 E	not collected	14.6	45.0	0.0	0.6
omgseq_003336	2015-04-02 12:49:20	Tokyo, Bunkyo, Japan	35.7103 N 139.7690 E	not collected	14.6	45.0	0.0	0.6
omgseq_003344	2015-04-02 12:55:44	Tokyo, Bunkyo, Japan	35.7105 N 139.7696 E	not collected	14.6	45.0	0.0	0.6
omgseq_003352	2015-04-04 13:25:00	Tokyo, Shinagawa, Japan	35.6123 N 139.7015 E	12	12.3	57.0	0.0	0.0
omgseq_003361	2015-04-04 14:10:00	Tokyo, Shinagawa, Japan	35.6119 N 139.7019 E	12	13.2	60.0	0.0	0.0
omgseq_003379	2015-04-04 17:20:00	Tokyo, Taito, Japan	35.7144 N 139.8024 E	7	12.5	65.0	0.0	0.0
omgseq_003387	2015-04-04 17:39:42	Tokyo, Sumida, Japan	35.7121 N 139.8024 E	7	12.5	65.0	0.0	0.0
omgseq_003395	2015-04-19 15:30:00	Shizuoka, Susono, Japan	35.1739 N 138.9067 E	20	13.5	not collected	0.0	0.0
omgseq_003409	2015-04-19 15:30:00	Shizuoka, Susono, Japan	35.1739 N 138.9067 E	20	13.5	not collected	0.0	0.0
omgseq_003417	2015-03-29 15:30:00	Tokyo, Taito, Japan	35.7089 N 139.7742 E	10	17.9	55.0	0.0	0.0
omgseq_003425	2015-03-29 15:30:00	Tokyo, Taito, Japan	35.7089 N 139.7742 E	10	17.9	55.0	0.0	0.0
omgseq_003492	2015-04-10 09:40:00	Tokyo, Chuo, Japan	35.6592 N 139.7734 E	6	8.3	63.0	0.0	0.0
omgseq_003506	2015-04-10 09:50:00	Tokyo, Chuo, Japan	35.6591 N 139.7768 E	6	8.3	63.0	0.0	0.0
omgseq_003514	2015-03-29 11:17:00	Tokyo, Setagaya, Japan	35.6331 N 139.6580 E	6	20.0	42.0	0.0	0.9
omgseq_003522	2015-03-29 12:02:00	Tokyo, Setagaya, Japan	35.6267 N 139.6614 E	6	19.8	46.0	0.0	0.0
omgseq_003557	2015-03-30 15:06:34	Tokyo, Ota, Japan	35.5672 N 139.7218 E	4	21.0	33.0	0.0	1.0
omgseq_003565	2015-03-30 15:08:33	Tokyo, Ota, Japan	35.5672 N 139.7218 E	not collected	21.0	33.0	0.0	1.0
omgseq_003573	2015-04-06 14:47:00	Chiba, Kashiwa, Japan	35.5347 N 139.5618 E	14	22.7	not collected	0.0	0.8
omgseq_003581	2015-04-06 14:57:00	Chiba, Kashiwa, Japan	35.5358 N 139.5613 E	14	22.7	not collected	0.0	0.8
omgseq_003590	2015-04-04 12:15:00	Tokyo, Machida, Japan	35.5671 N 139.4684 E	0	not collected	not collected	0.0	not collected
omgseq_003603	2015-04-03 12:32:00	Tokyo, Machida, Japan	35.5633 N 139.4633 E	not collected	not collected	not collected	0.0	not collected
omgseq_003611	2015-03-30 16:25:41	Tokyo, Arakawa, Japan	35.7410 N 139.7868 E	1	20.6	35.0	0.0	1.0
omgseq_003620	2015-03-30 16:31:57	Tokyo, Arakawa, Japan	35.7419 N 139.7869 E	1	20.6	35.0	0.0	1.0
omgseq_003638	2015-04-04 14:11:44	Tokyo, Arakawa, Japan	35.7376 N 139.7848 E	7	13.2	60.0	0.0	0.0
omgseq_003646	2015-04-04 14:41:53	Tokyo, Arakawa, Japan	35.7365 N 139.7845 E	7	13.2	60.0	0.0	0.0
omgseq_003671	2015-04-04 09:40:00	Tokyo, Bunkyo, Japan	35.4258 N 139.4540 E	6	12.2	62.0	0.0	0.0
omgseq_003689	2015-04-04 09:45:00	Tokyo, Bunkyo, Japan	35.4259 N 139.4540 E	14	12.2	62.0	0.0	0.0
omgseq_003697	2015-04-07 18:00:00	Tokyo, Chiyoda, Japan	35.6830 N 139.7323 E	15	9.8	86.0	0.0	0.0
omgseq_003701	2015-04-07 18:00:00	Tokyo, Chiyoda, Japan	35.6830 N 139.7323 E	15	9.8	86.0	0.0	0.0
omgseq_003719	2015	Japan	not collected	not collected	not collected	not collected	not collected	not collected
omgseq_003727	2015	Japan	not collected	not collected	not collected	not collected	not collected	not collected
omgseq_003735	2015-04-06 09:50:00	Tokyo, Arakawa, Japan	35.7360 N 139.8130 E	8	16.4	67.0	0.0	1.0
omgseq_003743	2015-04-06 10:00:00	Tokyo, Arakawa, Japan	35.7360 N 139.8130 E	8	17.5	58.0	0.0	1.0
omgseq_003751	2015-04-03 10:30:00	Chiba, Kashiwa, Japan	35.8998 N 139.9325 E	7	14.6	not collected	0.0	0.0
omgseq_003760	2015-04-04 07:00:00	Chiba, Kashiwa, Japan	35.8999 N 139.9331 E	8	10.2	not collected	0.0	0.0
omgseq_003778	2015-04-01 16:15:54	Kanagawa, Kawasaki, Japan	35.5996 N 139.5472 E	10	17.8	79.0	0.0	0.0
omgseq_003786	2015-04-01 16:18:30	Kanagawa, Kawasaki, Japan	35.5996 N 139.5472 E	10	17.8	79.0	0.0	0.0
omgseq_003794	2015-04-06 08:00:00	Tokyo, Setagaya, Japan	35.6334 N 139.6116 E	15	14.1	76.0	0.0	1.0
omgseq_003808	2015-04-06 08:10:00	Tokyo, Setagaya, Japan	35.6334 N 139.6116 E	15	14.1	76.0	0.0	1.0
omgseq_003816	2015-03-31 12:00:00	Tokyo, Taito, Japan	35.7154 N 139.7736 E	8	23.1	35.0	0.0	1.0
omgseq_003824	2015-03-31 12:00:00	Tokyo, Taito, Japan	35.7154 N 139.7736 E	8	23.1	35.0	0.0	1.0
omgseq_003832	2015-04-04 18:00:00	Tokyo, Shinjuku, Japan	35.6992 N 139.7217 E	13	11.3	62.0	0.0	0.0
omgseq_003841	2015-04-05 18:00:00	Tokyo, Shinjuku, Japan	35.6992 N 139.7217 E	14	10.9	97.0	0.0	0.0
omgseq_003859	2015-03-31 13:00:00	Kanagawa, Yokosuka, Japan	35.3196 N 139.6503 E	1	19.1	not collected	0.0	1.0
omgseq_003867	2015-04-03 14:00:00	Kanagawa, Yokosuka, Japan	35.3196 N 139.6503 E	not collected	17.5	not collected	0.0	0.0
omgseq_003875	2015-03-31 11:30:00	Tokyo, Suginami, Japan	35.7168 N 139.6238 E	8	21.1	32.0	0.0	1.0
omgseq_003883	2015-03-31 13:30:00	Tokyo, Nakano, Japan	35.7214 N 139.6340 E	8	22.4	33.0	0.0	1.0
omgseq_003891	2015-04-03 14:30:00	Tokyo, Setagaya, Japan	35.5985 N 139.6508 E	11	18.9	85.0	0.0	0.0
omgseq_003905	2015-04-03 15:30:00	Tokyo, Setagaya, Japan	35.6285 N 139.6592 E	11	19.9	79.0	0.0	0.0
omgseq_003913	2015-04-01 16:00:00	Saitama, Hiki, Japan	35.9853 N 139.3741 E	not collected	19.0	51.0	0.0	0.1
omgseq_003921	2015-04-01 16:00:00	Saitama, Hiki, Japan	35.9853 N 139.3741 E	not collected	19.0	51.0	0.0	0.1
omgseq_003930	2015-04-01 16:00:00	Saitama, Higashimatsuyama, Japan	35.9869 N 139.3846 E	not collected	19.0	51.0	0.0	0.1
omgseq_003948	2015-04-01 16:00:00	Saitama, Higashimatsuyama, Japan	36.0006 N 139.3967 E	not collected	19.0	51.0	0.0	0.1
omgseq_003956	2015-04-11 13:00:00	Saitama, Hiki, Japan	35.9853 N 139.3741 E	14	16.5	56.0	0.0	0.4
omgseq_003964	2015-04-11 13:00:00	Saitama, Hiki, Japan	35.9853 N 139.3741 E	14	16.5	56.0	0.0	0.4
omgseq_003972	2015-04-12 12:20:00	Miyagi, Sendai, Japan	38.2756 N 140.8719 E	2	12.6	52.0	0.0	1.0
omgseq_003981	2015-04-12 13:55:00	Miyagi, Shiogama, Japan	38.3185 N 141.0125 E	6	11.4	not collected	0.0	1.0
omgseq_003999	2015-04-13 07:00:00	Miyagi, Shibata, Japan	38.0561 N 140.7472 E	5	8.8	not collected	0.0	not collected
omgseq_004006	2015-04-19 14:46:11	Miyagi, Shiogama, Japan	38.3369 N 141.1120 E	4	14.6	not collected	0.0	0.0
omgseq_004014	2015-04-02 14:35:00	Hiroshima, Higashihiroshima, Japan	34.3967 N 132.7150 E	not collected	16.4	not collected	0.0	0.0
omgseq_004022	2015-04-02 00:00:00	Hiroshima, Higashihiroshima, Japan	34.3967 N 132.7154 E	not collected	11.7	not collected	0.0	not collected
omgseq_004031	2015-03-31 17:00:00	Ibaraki, Tsukuba, Japan	36.0276 N 140.1079 E	2	18.8	48.0	0.0	1.0
omgseq_004049	2015-04-02 17:00:00	Ibaraki, Tsukuba, Japan	36.0276 N 140.1079 E	not collected	13.0	46.0	0.0	1.0
omgseq_004057	2015-04-04 15:00:00	Ibaraki, Tsukuba, Japan	36.0276 N 140.1079 E	6	11.8	68.0	0.0	0.0
omgseq_004065	2015-04-06 15:00:00	Ibaraki, Tsukuba, Japan	36.0276 N 140.1079 E	8	21.4	54.0	0.0	0.2
omgseq_004073	2015-04-12 14:00:00	Kanagawa, Yokohama, Japan	35.3921 N 139.5327 E	18	16.9	38.0	0.0	0.9
omgseq_004081	2015-04-12 15:00:00	Kanagawa, Yokohama, Japan	35.3998 N 139.5446 E	18	15.9	49.0	0.0	0.5
omgseq_004090	2015-04-01 06:26:00	Ibaraki, Tsukuba, Japan	36.0274 N 140.1079 E	5	9.5	97.0	0.0	0.0
omgseq_004103	2015-04-01 06:42:00	Ibaraki, Tsukuba, Japan	36.0260 N 140.1099 E	5	9.5	97.0	0.0	0.0
omgseq_004111	2015-03-30 14:43:00	Okayama, Okayama, Japan	34.6779 N 133.9180 E	3	19.7	32.0	0.0	1.0
omgseq_004120	2015-03-30 15:04:00	Okayama, Okayama, Japan	34.6762 N 133.9182 E	3	20.3	28.0	0.0	1.0
omgseq_004138	2015-04-02 17:12:57	Shimane, Izumo, Japan	35.3348 N 132.7290 E	3	22.4	not collected	0.0	1.0
omgseq_004146	2015-04-02 17:12:57	Shimane, Izumo, Japan	35.3348 N 132.7290 E	3	22.4	not collected	0.0	1.0
omgseq_004154	2015-04-02 16:27:18	Shimane, Izumo, Japan	35.4020 N 132.6855 E	3	22.6	not collected	0.0	1.0
omgseq_004162	2015-04-02 16:35:22	Shimane, Izumo, Japan	35.4020 N 132.6855 E	3	22.6	not collected	0.0	1.0
omgseq_004171	2015-04-04 15:48:43	Shimane, Izumo, Japan	35.2347 N 132.7369 E	3	15.0	not collected	0.0	0.5
omgseq_004189	2015-04-04 15:55:28	Shimane, Izumo, Japan	35.2347 N 132.7369 E	3	15.0	not collected	0.0	0.5
omgseq_004197	2015-03-30 14:00:00	Ibaraki, Tsukuba, Japan	36.0631 N 140.0649 E	1	22.4	25.0	0.0	1.0
omgseq_004201	2015-03-30 14:00:00	Ibaraki, Tsukuba, Japan	36.0631 N 140.0649 E	1	22.4	25.0	0.0	1.0
omgseq_004219	2015-03-30 14:00:00	Ibaraki, Tsukuba, Japan	36.0631 N 140.0648 E	1	22.4	25.0	0.0	1.0
omgseq_004227	2015-03-30 14:00:00	Ibaraki, Tsukuba, Japan	36.0631 N 140.0648 E	1	22.4	25.0	0.0	1.0
omgseq_004235	2015-04-11 14:45:00	Ibaraki, Mito, Japan	36.1922 N 140.3337 E	11	11.9	90.0	0.0	0.0
omgseq_004243	2015-04-11 16:10:00	Ibaraki, Kasama, Japan	36.2304 N 140.1536 E	9	13.4	not collected	0.0	0.0
omgseq_004251	2015-03-31 13:23:00	Ibaraki, Tsukuba, Japan	36.0844 N 140.1072 E	4	21.6	37.0	0.0	1.0
omgseq_004260	2015-03-31 13:53:00	Ibaraki, Tsukuba, Japan	36.0843 N 140.1069 E	4	21.6	37.0	0.0	1.0
omgseq_004278	2015-04-06 11:43:17	Ibaraki, Tsukuba, Japan	36.0844 N 140.1072 E	10	20.6	55.0	0.0	1.0
omgseq_004286	2015-04-06 11:55:25	Ibaraki, Tsukuba, Japan	36.0843 N 140.1069 E	10	20.6	55.0	0.0	1.0
omgseq_004294	2015-04-02 10:30:31	Tottori, Tottori, Japan	35.3018 N 134.1342 E	not collected	14.8	55.0	0.0	1.0
omgseq_004308	2015-04-02 10:35:46	Tottori, Tottori, Japan	35.3018 N 134.1342 E	not collected	14.8	55.0	0.0	1.0
omgseq_004316	2015-03-30 13:28:42	Saitama, Wako, Japan	35.7804 N 139.6119 E	0	20.7	32.0	0.0	1.0
omgseq_004324	2015-03-30 13:28:43	Saitama, Wako, Japan	35.7804 N 139.6119 E	0	20.7	32.0	0.0	1.0
omgseq_004332	2015-04-04 17:56:40	Saitama, Kawaguchi, Japan	35.8007 N 139.7296 E	9	12.7	not collected	0.0	0.0
omgseq_004341	2015-04-04 17:59:42	Saitama, Kawaguchi, Japan	35.8007 N 139.7296 E	9	12.7	not collected	0.0	0.0
omgseq_004359	2015-03-31 13:24:42	Saitama, Kitaadachi, Japan	36.0001 N 139.6242 E	4	21.9	not collected	0.0	1.0
omgseq_004367	2015-03-31 13:19:00	Saitama, Kitaadachi, Japan	36.0001 N 139.6242 E	4	21.9	not collected	0.0	1.0
omgseq_004375	2015-04-02 14:58:39	Yamaguchi, Yamaguchi, Japan	34.1785 N 131.4737 E	5	18.9	68.0	0.0	0.2
omgseq_004391	2015-03-30 14:53:00	Ibaraki, Tsukuba, Japan	36.0496 N 140.1214 E	1	22.4	25.0	0.0	1.0
omgseq_004405	2015-03-30 15:13:00	Ibaraki, Tsukuba, Japan	36.0517 N 140.1221 E	1	21.7	26.0	0.0	1.0
omgseq_004413	2015-04-04 13:34:31	Ibaraki, Tsukuba, Japan	36.0496 N 140.1214 E	6	11.7	61.0	0.0	0.0
omgseq_004421	2015-04-04 14:32:09	Ibaraki, Tsukuba, Japan	36.0517 N 140.1221 E	6	11.9	62.0	0.0	0.0
omgseq_004430	2015-03-30 15:02:58	Ibaraki, Tsukuba, Japan	36.0496 N 140.1214 E	-2	21.7	26.0	0.0	1.0
omgseq_004448	2015-03-30 15:22:09	Ibaraki, Tsukuba, Japan	36.0517 N 140.1221 E	-2	21.7	26.0	0.0	1.0
omgseq_004456	2015-04-04 11:15:00	Ibaraki, Tuchiura, Japan	36.1311 N 140.1372 E	6	10.5	not collected	0.0	0.0
omgseq_004464	2015-04-04 11:50:00	Ibaraki, Tsukuba, Japan	36.1509 N 140.1108 E	6	10.6	66.0	0.0	0.0
omgseq_004472	2015-04-04 12:54:00	Ibaraki, Tsukuba, Japan	36.1799 N 140.0815 E	6	11.4	56.0	0.0	0.0
omgseq_004481	2015-04-04 12:54:00	Ibaraki, Tsukuba, Japan	36.2214 N 140.0651 E	6	11.4	56.0	0.0	0.0
omgseq_004499	2015-04-04 14:45:00	Ibaraki, Sakuragawa, Japan	36.2929 N 140.1076 E	6	13.3	not collected	0.0	0.0
omgseq_004502	2015-04-04 15:20:00	Ibaraki, Sakuragawa, Japan	36.3592 N 140.1077 E	6	13.0	not collected	0.0	0.0
omgseq_004511	2015-04-02 22:15:00	Ibaraki, Tsukuba, Japan	36.1799 N 140.0815 E	4	8.9	71.0	0.0	0.0
omgseq_004529	2015-04-02 22:30:00	Ibaraki, Tsukuba, Japan	36.1799 N 140.0815 E	4	8.9	71.0	0.0	0.0
omgseq_004537	2015-04-04 09:55:00	Ibaraki, Tuchiura, Japan	36.0864 N 140.2060 E	6	9.3	not collected	0.5	0.0
omgseq_004545	2015-04-04 10:25:00	Ibaraki, Tuchiura, Japan	36.1005 N 140.1706 E	6	9.9	not collected	0.0	0.0
omgseq_004553	2015-04-02 17:30:00	Hiroshima, Higashihiroshima, Japan	34.4607 N 132.7792 E	5	16.7	not collected	0.0	0.0
omgseq_004561	2015-04-02 17:30:00	Hiroshima, Higashihiroshima, Japan	34.4607 N 132.7792 E	5	16.7	not collected	0.0	0.0
omgseq_004570	2015-04-09 16:00:00	Hiroshima, Mihara, Japan	34.4399 N 132.9190 E	11	10.6	not collected	0.5	0.0
omgseq_004588	2015-04-09 16:00:00	Hiroshima, Mihara, Japan	34.4399 N 132.9190 E	11	10.6	not collected	0.5	0.0
omgseq_004596	2015-04-09 00:00:00	Tokyo, Toshima, Japan	not collected	not collected	not collected	not collected	not collected	not collected
omgseq_004600	2015-04-09 00:00:00	Tokyo, Toshima, Japan	not collected	not collected	not collected	not collected	not collected	not collected
omgseq_004618	2015-04-09 18:00:00	Hiroshima, Mihara, Japan	34.4011 N 133.0829 E	12	10.9	not collected	0.0	0.0
omgseq_004626	2015-04-10 07:30:00	Hiroshima, Mihara, Japan	34.3988 N 133.0851 E	12	11.2	not collected	3.5	0.0
omgseq_004634	2015-04-09 00:00:00	Hiroshima, Higashihiroshima, Japan	not collected	not collected	not collected	not collected	not collected	not collected
omgseq_004642	2015-04-09 00:00:00	Hiroshima, Higashihiroshima, Japan	not collected	not collected	not collected	not collected	not collected	not collected
omgseq_004651	2015-03-31 13:29:00	Yamaguchi, Yamaguchi, Japan	34.1397 N 131.4692 E	3	20.1	51.0	0.0	0.0
omgseq_004669	2015-03-31 14:15:00	Yamaguchi, Yamaguchi, Japan	34.1397 N 131.4692 E	2	19.4	58.0	0.0	0.0
omgseq_004677	2015-04-02 10:00:00	Ibaraki, Tsukuba, Japan	35.6900 N 139.6900 E	2	11.9	53.0	0.0	1.0
omgseq_004685	2015-04-02 09:48:00	Ibaraki, Tsukuba, Japan	35.6900 N 139.6900 E	2	10.9	62.0	0.0	0.9
omgseq_004693	2015-04-06 00:00:00	Saitama, Saitama, Japan	35.8933 N 139.6234 E	14	10.2	not collected	0.0	not collected
omgseq_004707	2015-04-06 00:00:00	Saitama, Saitama, Japan	35.8930 N 139.6240 E	14	10.2	not collected	0.0	not collected
omgseq_004715	2015	Japan	not collected	not collected	not collected	not collected	not collected	not collected
omgseq_004723	2015	Japan	not collected	not collected	not collected	not collected	not collected	not collected
omgseq_004731	2015-04-04 14:50:00	Ibaraki, Tsukuba, Japan	36.0080 N 140.1300 E	not collected	11.9	62.0	0.0	0.0
omgseq_004740	2015-04-04 14:00:00	Ibaraki, Tsukuba, Japan	36.0070 N 140.1290 E	4	11.9	62.0	0.0	0.0
omgseq_004758	2015-04-02 08:24:00	Tochigi, Utsunomiya, Japan	36.5512 N 139.9329 E	4	8.7	68.0	0.0	0.7
omgseq_004766	2015-04-02 08:40:00	Tochigi, Utsunomiya, Japan	36.5507 N 139.9323 E	4	8.7	68.0	0.0	0.7
omgseq_004774	2015-04-02 11:23:00	Tochigi, Utsunomiya, Japan	36.5493 N 139.9114 E	4	12.8	52.0	0.0	0.8
omgseq_004782	2015-04-02 11:33:00	Tochigi, Utsunomiya, Japan	36.5496 N 139.9126 E	4	12.8	52.0	0.0	0.8
omgseq_004791	2015-04-02 11:45:00	Tochigi, Utsunomiya, Japan	36.5506 N 139.9143 E	4	12.8	52.0	0.0	0.8
omgseq_004804	2015-04-09 16:20:00	Tochigi, Utsunomiya, Japan	36.5512 N 139.9329 E	11	11.3	39.0	0.0	1.0
omgseq_004812	2015-04-09 16:30:00	Tochigi, Utsunomiya, Japan	36.5507 N 139.9323 E	11	11.3	39.0	0.0	1.0
omgseq_004821	2015-04-09 16:48:00	Tochigi, Utsunomiya, Japan	36.5493 N 139.9114 E	11	11.3	39.0	0.0	1.0
omgseq_004839	2015-04-09 16:59:00	Tochigi, Utsunomiya, Japan	36.5496 N 139.9126 E	11	11.3	39.0	0.0	1.0
omgseq_004847	2015-04-09 17:10:00	Tochigi, Utsunomiya, Japan	36.5506 N 139.9143 E	11	10.9	45.0	0.0	0.9
omgseq_004855	2015-04-23 12:44:00	Nagano, Suzaka, Japan	36.6045 N 138.3363 E	3	20.1	26.0	0.0	1.0
omgseq_004863	2015-04-23 13:21:00	Nagano, Suzaka, Japan	36.6045 N 138.3363 E	3	20.4	21.0	0.0	1.0
omgseq_004871	2015-04-11 17:13:00	Nagano, Suzaka, Japan	36.6444 N 138.3120 E	7	9.0	83.0	0.0	0.1
omgseq_004880	2015-04-11 17:26:00	Nagano, Suzaka, Japan	36.6444 N 138.3120 E	7	9.0	83.0	0.0	0.1
omgseq_004898	2015-03-31 11:30:00	Gunma, Takasaki, Japan	36.3968 N 138.9989 E	3	18.8	44.0	0.0	1.0
omgseq_004901	2015-03-31 11:30:00	Gunma, Takasaki, Japan	36.3968 N 138.9989 E	3	18.8	44.0	0.0	1.0
omgseq_004910	2015-03-31 11:30:00	Gunma, Takasaki, Japan	36.3968 N 138.9989 E	3	18.8	44.0	0.0	1.0
omgseq_004928	2015-03-31 11:30:00	Gunma, Takasaki, Japan	36.3968 N 138.9989 E	3	18.8	44.0	0.0	1.0
omgseq_004944	2015-04-20 12:00:00	Yamagata, Tsuruoka, Japan	38.7470 N 139.8242 E	10	15.8	not collected	0.0	0.0
omgseq_004952	2015-04-20 12:00:00	Yamagata, Tsuruoka, Japan	38.7470 N 139.8242 E	12	15.8	not collected	0.0	0.0
omgseq_004961	2015-04-20 12:00:00	Yamagata, Tsuruoka, Japan	38.7470 N 139.8242 E	10	15.8	not collected	0.0	0.0
omgseq_004979	2015-04-18 14:00:00	Yamanashi, Hokuto, Japan	35.7765 N 138.4238 E	not collected	16.8	not collected	0.0	1.0
omgseq_004987	2015-04-18 17:50:00	Yamanashi, Hokuto, Japan	35.7765 N 138.4238 E	not collected	14.6	not collected	0.0	0.9
omgseq_004995	2015-04-19 09:00:00	Yamanashi, Nagasaka, Japan	35.8604 N 138.3669 E	not collected	11.1	not collected	0.0	0.3
omgseq_005002	2015-04-19 11:00:00	Yamanashi, Nagasaka, Japan	35.8604 N 138.3669 E	not collected	13.8	not collected	0.0	0.0
omgseq_005011	2015-04-12 00:00:00	Yamanashi, Uenohara, Japan	35.6347 N 139.0633 E	not collected	not collected	not collected	0.0	not collected
omgseq_005029	2015-04-12 00:00:00	Yamanashi, Koshu, Japan	35.6721 N 138.7422 E	not collected	10.1	not collected	0.0	not collected
omgseq_005037	2015-04-12 00:00:00	Yamanashi, Fuefuki, Japan	35.6495 N 138.6396 E	not collected	10.1	not collected	0.0	not collected
omgseq_005045	2015-04-12 17:00:00	Yamanashi, Hokuto, Japan	35.8225 N 138.3537 E	not collected	16.0	not collected	0.0	0.2
omgseq_005053	2015-04-18 13:00:00	Yamanashi, Hokuto, Japan	35.8225 N 138.3537 E	not collected	17.1	not collected	0.0	1.0
omgseq_005061	2015-04-18 13:00:00	Yamanashi, Hokuto, Japan	35.8225 N 138.3537 E	not collected	17.1	not collected	0.0	1.0
omgseq_005070	2015	Japan	not collected	not collected	not collected	not collected	not collected	not collected
omgseq_005088	2015	Japan	not collected	not collected	not collected	not collected	not collected	not collected
omgseq_005096	2015	Japan	not collected	not collected	not collected	not collected	not collected	not collected
omgseq_005100	2015	Japan	not collected	not collected	not collected	not collected	not collected	not collected
omgseq_005118	2015	Japan	not collected	not collected	not collected	not collected	not collected	not collected
omgseq_005126	2015	Japan	not collected	not collected	not collected	not collected	not collected	not collected
omgseq_005134	2015	Japan	not collected	not collected	not collected	not collected	not collected	not collected
omgseq_005142	2015	Japan	not collected	not collected	not collected	not collected	not collected	not collected
omgseq_005151	2015	Japan	not collected	not collected	not collected	not collected	not collected	not collected
omgseq_005169	2015	Japan	not collected	not collected	not collected	not collected	not collected	not collected
omgseq_005177	2015-04-19 17:30:00	Tochigi, Utsunomiya, Japan	36.5507 N 139.9143 E	19	17.0	57.0	0.0	0.0
omgseq_005185	2015-04-19 17:30:00	Tochigi, Utsunomiya, Japan	36.5507 N 139.9143 E	19	17.0	57.0	0.0	0.0
omgseq_005193	2015-04-03 11:00:30	Tochigi, Sakura, Japan	36.7095 N 140.0236 E	3	14.2	not collected	0.0	0.0
omgseq_005207	2015-04-03 11:12:30	Tochigi, Sakura, Japan	36.7122 N 140.0253 E	not collected	14.2	not collected	0.0	0.0
omgseq_005215	2015-04-04 11:38:30	Tochigi, Ohtahara, Japan	36.8577 N 140.0076 E	6	13.6	not collected	0.0	0.0
omgseq_005223	2015-04-04 11:42:30	Tochigi, Ohtahara, Japan	36.8582 N 140.0074 E	6	13.6	not collected	0.0	0.0
omgseq_005231	2015-04-04 18:30:00	Ishikawa, Kanazawa, Japan	36.5620 N 136.6563 E	not collected	13.1	74.0	0.0	0.2
omgseq_005240	2015-04-09 14:00:00	Ishikawa, Kanazawa, Japan	36.5628 N 136.6464 E	9	12.5	51.0	0.0	1.0
omgseq_005258	2015-05-02 14:30:00	Hokkaido, Bibai, Japan	43.3390 N 141.9000 E	9	19.4	not collected	0.0	1.0
omgseq_005266	2015-05-02 16:10:00	Hokkaido, Bibai, Japan	43.3410 N 141.8920 E	9	18.9	not collected	0.0	1.0
omgseq_005274	2015-05-04 12:58:00	Hokkaido, Obihiro, Japan	42.9100 N 143.1790 E	7	14.4	74.0	0.0	0.2
omgseq_005282	2015-05-04 15:48:00	Hokkaido, Obihiro, Japan	42.9030 N 143.1670 E	7	16.6	72.0	0.0	0.7
omgseq_005291	2015-04-10 13:37:16	Niigata, Niigata, Japan	37.8845 N 139.0375 E	not collected	15.8	33.0	0.0	0.1
omgseq_005304	2015-04-10 15:01:51	Niigata, Niigata, Japan	37.8163 N 138.8785 E	7	11.3	69.0	0.0	0.0
omgseq_005312	2015-04-10 13:50:00	Niigata, Niigata, Japan	37.8819 N 139.0385 E	not collected	15.8	33.0	0.0	0.1
omgseq_005321	2015-04-10 15:07:50	Niigata, Niigata, Japan	37.8206 N 138.8795 E	2	11.3	69.0	0.0	0.0
omgseq_005339	2015-04-08 15:48:09	Fukushima, Futaba, Japan	37.4603 N 140.9703 E	4	4.9	not collected	0.0	0.0
omgseq_005347	2015-04-08 16:29:36	Fukushima, Futaba, Japan	37.4956 N 140.9986 E	not collected	4.7	not collected	0.0	0.2
omgseq_005355	2015-04-09 10:05:11	Fukushima, Futaba, Japan	37.4853 N 140.9383 E	not collected	7.3	not collected	0.0	1.0
omgseq_005363	2015-04-09 10:54:48	Fukushima, Futaba, Japan	37.5436 N 140.8567 E	not collected	7.3	not collected	0.0	1.0
omgseq_005371	2015-04-21 18:15:00	Aomori, Hirosaki, Japan	40.6044 N 140.4684 E	6	9.0	not collected	0.0	0.7
omgseq_005380	2015-04-21 18:20:00	Aomori, Hirosaki, Japan	40.6044 N 140.4684 E	6	9.0	not collected	0.0	0.7
omgseq_005398	2015-04-21 18:24:00	Aomori, Hirosaki, Japan	40.6044 N 140.4684 E	6	9.0	not collected	0.0	0.7
omgseq_005401	2015-04-21 18:28:00	Aomori, Hirosaki, Japan	40.6044 N 140.4684 E	6	9.0	not collected	0.0	0.7
omgseq_005410	2015-04-04 12:49:16	Fukui, Oi, Japan	35.4379 N 135.6334 E	not collected	13.4	not collected	0.0	0.0
omgseq_005428	2015-04-04 13:11:11	Fukui, Oi, Japan	35.4379 N 135.6334 E	not collected	14.7	not collected	0.0	0.0
omgseq_005436	2015-04-04 14:29:08	Fukui, Obama, Japan	35.4896 N 135.7318 E	not collected	14.2	not collected	0.0	0.1
omgseq_005444	2015-04-04 14:29:08	Fukui, Obama, Japan	35.4919 N 135.7336 E	not collected	14.2	not collected	0.0	0.1
omgseq_005452	2015-04-08 13:30:00	Ishikawa, Kanazawa, Japan	36.5508 N 136.6600 E	6	6.2	69.0	0.0	0.0
omgseq_005461	2015-04-08 13:50:00	Ishikawa, Kanazawa, Japan	36.5508 N 136.6601 E	6	6.2	69.0	0.0	0.0
omgseq_005479	2015-04-08 14:30:00	Ishikawa, Kanazawa, Japan	36.3258 N 136.3934 E	8	6.7	65.0	0.0	0.0
omgseq_005487	2015-04-08 14:45:00	Ishikawa, Kanazawa, Japan	36.3300 N 136.3939 E	8	6.7	65.0	0.0	0.0
omgseq_005495	2015-04-12 09:50:00	Miyagi, Shibata, Japan	38.3269 N 140.4607 E	9	10.6	not collected	0.0	not collected
omgseq_005509	2015-04-12 11:52:56	Fukushima, Minamisoma, Japan	37.3205 N 141.0093 E	10	10.9	not collected	0.0	1.0
omgseq_005517	2015-05-05 00:00:00	Nagano, Komoro, Japan	36.3802 N 138.4785 E	14	12.1	100.0	1.5	0.0
omgseq_005568	2015-05-03 00:00:00	Hokkaido, Iwamizawa, Japan	43.1962 N 141.7759 E	not collected	9.0	63.0	0.0	0.0
omgseq_005576	2015-05-03 00:00:00	Hokkaido, Bibai, Japan	43.3329 N 141.8538 E	not collected	5.6	not collected	0.0	not collected
omgseq_005584	2015-05-03 00:00:00	Hokkaido, Bibai, Japan	43.3329 N 141.8538 E	not collected	5.6	not collected	0.0	not collected
omgseq_005592	2015-05-03 00:00:00	Hokkaido, Abashiri, Japan	43.9912 N 144.2413 E	2	11.2	56.0	0.0	0.0
omgseq_005606	2015-05-03 00:00:00	Hokkaido, Abashiri, Japan	43.9912 N 144.2413 E	2	11.2	56.0	0.0	0.0
omgseq_005614	2015-05-04 00:00:00	Hokkaido, Abashiri, Japan	43.9677 N 144.2329 E	3	9.6	90.0	0.0	0.0
omgseq_005622	2015-05-04 00:00:00	Hokkaido, Abashiri, Japan	43.9677 N 144.2329 E	3	9.6	90.0	0.0	0.0
omgseq_005631	2015-04-16 12:00:00	Yamagata, Tsuruoka, Japan	38.7470 N 139.8242 E	6	13.3	not collected	0.0	0.1
omgseq_005649	2015-04-16 12:00:00	Yamagata, Tsuruoka, Japan	38.7281 N 139.8244 E	8	13.3	not collected	0.0	0.1
omgseq_005657	2015-04-16 12:00:00	Yamagata, Tsuruoka, Japan	38.7281 N 139.8244 E	8	13.3	not collected	0.0	0.1
omgseq_005665	2015-04-16 12:00:00	Yamagata, Tsuruoka, Japan	38.7281 N 139.8244 E	8	13.3	not collected	0.0	0.1
omgseq_005673	2015-04-16 12:00:00	Yamagata, Tsuruoka, Japan	38.7281 N 139.8244 E	8	13.3	not collected	0.0	0.1
omgseq_005681	2015-04-16 12:00:00	Yamagata, Tsuruoka, Japan	38.7281 N 139.8244 E	8	13.3	not collected	0.0	0.1
omgseq_005690	2015-04-16 12:00:00	Yamagata, Tsuruoka, Japan	38.7281 N 139.8244 E	8	13.3	not collected	0.0	0.1
omgseq_005703	2015-04-16 12:00:00	Yamagata, Tsuruoka, Japan	38.7281 N 139.8244 E	8	13.3	not collected	0.0	0.1
omgseq_005711	2015-04-16 12:00:00	Yamagata, Tsuruoka, Japan	38.7281 N 139.8244 E	8	13.3	not collected	0.0	0.1
omgseq_005720	2015-04-16 12:00:00	Yamagata, Tsuruoka, Japan	38.7281 N 139.8244 E	8	13.3	not collected	0.0	0.1
omgseq_005738	2015-04-16 12:00:00	Yamagata, Tsuruoka, Japan	38.7281 N 139.8244 E	8	13.3	not collected	0.0	0.1
omgseq_005746	2015-04-16 12:00:00	Yamagata, Tsuruoka, Japan	38.7281 N 139.8244 E	8	13.3	not collected	0.0	0.1
omgseq_005754	2015-04-16 12:00:00	Yamagata, Tsuruoka, Japan	38.7281 N 139.8244 E	8	13.3	not collected	0.0	0.1
omgseq_005762	2015-04-16 12:00:00	Yamagata, Tsuruoka, Japan	38.7281 N 139.8244 E	8	13.3	not collected	0.0	0.1
omgseq_005771	2015-04-16 12:00:00	Yamagata, Tsuruoka, Japan	38.7281 N 139.8244 E	8	13.3	not collected	0.0	0.1
omgseq_005789	2015-04-16 12:00:00	Yamagata, Tsuruoka, Japan	38.7281 N 139.8244 E	8	13.3	not collected	0.0	0.1
omgseq_005797	2015-04-16 12:00:00	Yamagata, Tsuruoka, Japan	38.7281 N 139.8244 E	8	13.3	not collected	0.0	0.1
omgseq_005801	2015-04-16 12:00:00	Yamagata, Tsuruoka, Japan	38.7281 N 139.8244 E	8	13.3	not collected	0.0	0.1
omgseq_005819	2015-04-16 12:00:00	Yamagata, Tsuruoka, Japan	38.7281 N 139.8244 E	8	13.3	not collected	0.0	0.1
omgseq_005827	2015-04-16 12:00:00	Yamagata, Tsuruoka, Japan	38.7281 N 139.8244 E	8	13.3	not collected	0.0	0.1
omgseq_005835	2015-04-16 12:00:00	Yamagata, Tsuruoka, Japan	38.7281 N 139.8244 E	8	13.3	not collected	0.0	0.1
omgseq_005843	2015-04-16 12:00:00	Yamagata, Tsuruoka, Japan	38.7281 N 139.8244 E	8	13.3	not collected	0.0	0.1
omgseq_005851	2015-04-16 12:00:00	Yamagata, Tsuruoka, Japan	38.7281 N 139.8244 E	8	13.3	not collected	0.0	0.1
omgseq_005860	2015-04-16 12:00:00	Yamagata, Tsuruoka, Japan	38.7281 N 139.8244 E	8	13.3	not collected	0.0	0.1
omgseq_005878	2015-04-16 12:00:00	Yamagata, Tsuruoka, Japan	38.7281 N 139.8244 E	8	13.3	not collected	0.0	0.1
omgseq_005886	2015-04-16 12:00:00	Yamagata, Tsuruoka, Japan	38.7281 N 139.8244 E	8	13.3	not collected	0.0	0.1
omgseq_005894	2015-04-16 12:00:00	Yamagata, Tsuruoka, Japan	38.7281 N 139.8244 E	8	13.3	not collected	0.0	0.1
omgseq_005908	2015-04-20 12:00:00	Yamagata, Tsuruoka, Japan	38.7470 N 139.8242 E	12	15.8	not collected	0.0	0.0
omgseq_005916	2015-04-16 12:00:00	Yamagata, Tsuruoka, Japan	38.7281 N 139.8244 E	8	13.3	not collected	0.0	0.1
omgseq_005924	2015-04-16 12:00:00	Yamagata, Tsuruoka, Japan	38.7281 N 139.8244 E	8	13.3	not collected	0.0	0.1
omgseq_005932	2015-04-16 12:00:00	Yamagata, Tsuruoka, Japan	38.7281 N 139.8244 E	8	13.3	not collected	0.0	0.1
omgseq_005941	2015-04-16 12:00:00	Yamagata, Tsuruoka, Japan	38.7281 N 139.8244 E	8	13.3	not collected	0.0	0.1
omgseq_005959	2015-04-16 12:00:00	Yamagata, Tsuruoka, Japan	38.7281 N 139.8244 E	8	13.3	not collected	0.0	0.1
omgseq_005967	2015-04-16 12:00:00	Yamagata, Tsuruoka, Japan	38.7281 N 139.8244 E	8	13.3	not collected	0.0	0.1
omgseq_005975	2015-04-16 12:00:00	Yamagata, Tsuruoka, Japan	38.7281 N 139.8244 E	8	13.3	not collected	0.0	0.1
omgseq_005983	2015-04-16 12:00:00	Yamagata, Tsuruoka, Japan	38.7281 N 139.8244 E	8	13.3	not collected	0.0	0.1
omgseq_005991	2015-04-16 12:00:00	Yamagata, Tsuruoka, Japan	38.7281 N 139.8244 E	8	13.3	not collected	0.0	0.1
omgseq_006009	2015-04-20 12:00:00	Yamagata, Tsuruoka, Japan	38.7470 N 139.8242 E	9	15.8	not collected	0.0	0.0
omgseq_006017	2015-04-14 17:00:00	Yamagata, Tsuruoka, Japan	38.7470 N 139.8242 E	6	16.2	not collected	0.0	0.0
omgseq_006025	2015-04-14 17:00:00	Yamagata, Tsuruoka, Japan	38.7470 N 139.8242 E	6	16.2	not collected	0.0	0.0
omgseq_006033	2015-04-14 17:00:00	Yamagata, Tsuruoka, Japan	38.7470 N 139.8242 E	6	16.2	not collected	0.0	0.0
omgseq_006041	2015-04-14 17:00:00	Yamagata, Tsuruoka, Japan	38.7470 N 139.8242 E	3	16.2	not collected	0.0	0.0
omgseq_006050	2015-04-14 17:00:00	Yamagata, Tsuruoka, Japan	38.7470 N 139.8242 E	4	16.2	not collected	0.0	0.0
omgseq_006068	2015-04-20 12:00:00	Yamagata, Tsuruoka, Japan	38.7470 N 139.8242 E	7	15.8	not collected	0.0	0.0
omgseq_006076	2015-04-20 12:00:00	Yamagata, Tsuruoka, Japan	38.7470 N 139.8242 E	12	15.8	not collected	0.0	0.0
omgseq_006084	2015-04-20 12:00:00	Yamagata, Tsuruoka, Japan	38.7470 N 139.8242 E	10	15.8	not collected	0.0	0.0
omgseq_006092	2015-04-20 12:00:00	Yamagata, Tsuruoka, Japan	38.7470 N 139.8242 E	12	15.8	not collected	0.0	0.0
omgseq_006106	2015-04-20 12:00:00	Yamagata, Tsuruoka, Japan	38.7470 N 139.8242 E	10	15.8	not collected	0.0	0.0
omgseq_006114	2015-04-14 17:00:00	Yamagata, Tsuruoka, Japan	38.7470 N 139.8242 E	1	16.2	not collected	0.0	0.0
omgseq_006122	2015-04-14 17:00:00	Yamagata, Tsuruoka, Japan	38.7470 N 139.8242 E	4	16.2	not collected	0.0	0.0
omgseq_006131	2015-03-31 06:20:00	Ehime, Matsuyama, Japan	33.8483 N 132.7868 E	not collected	12.1	76.0	0.0	0.0
omgseq_006149	2015-03-31 06:25:00	Ehime, Matsuyama, Japan	33.8483 N 132.7868 E	not collected	12.1	76.0	0.0	0.0
omgseq_006157	2015-04-05 12:35:00	Kumamoto, Aso, Japan	131.1400 N 32.8200 E	9	20.7	not collected	0.0	0.1
omgseq_006165	2015-04-05 13:13:00	Kumamoto, Aso, Japan	131.1500 N 32.8400 E	9	19.4	not collected	0.5	0.1
omgseq_006173	2015-04-24 10:14:00	Shizuoka, Mishima, Japan	36.4685 N 138.3428 E	not collected	19.7	not collected	0.0	1.0
omgseq_006181	2015-04-24 10:59:00	Shizuoka, Mishima, Japan	36.4685 N 138.3428 E	not collected	19.7	not collected	0.0	1.0
omgseq_006190	2015-04-18 13:33:00	Shizuoka, Mishima, Japan	36.4806 N 138.3050 E	not collected	19.2	not collected	0.0	1.0
omgseq_006203	2015-04-18 14:03:00	Shizuoka, Mishima, Japan	36.4806 N 138.3050 E	not collected	20.9	not collected	0.0	1.0
omgseq_006211	2015-04-06 16:37:00	Shizuoka, Mishima, Japan	36.4068 N 138.2436 E	not collected	13.0	not collected	0.0	0.0
omgseq_006220	2015-04-06 16:37:00	Shizuoka, Mishima, Japan	36.4068 N 138.2436 E	not collected	13.0	not collected	0.0	0.0
omgseq_006238	2015-04-09 08:00:00	Niigata, Niigata, Japan	37.5205 N 138.5645 E	7	5.8	59.0	0.0	1.0
omgseq_006246	2015-04-10 09:30:00	Niigata, Sado, Japan	38.1351 N 138.2312 E	8	9.4	not collected	0.0	0.0
omgseq_006254	2015-04-12 11:30:00	Niigata, Sado, Japan	38.0012 N 138.3226 E	8	10.3	not collected	0.0	1.0
omgseq_006262	2015-04-12 13:00:00	Niigata, Sado, Japan	38.0156 N 138.2212 E	8	10.6	not collected	0.0	1.0
omgseq_006319	2015-04-17 16:32:36	Shizuoka, Mishima, Japan	35.3711 N 139.4438 E	3	22.1	41.0	0.0	1.0
omgseq_006327	2015-04-17 16:38:41	Shizuoka, Mishima, Japan	35.3711 N 139.4353 E	3	22.1	41.0	0.0	1.0
omgseq_006335	2015-04-17 16:44:49	Shizuoka, Mishima, Japan	35.3744 N 139.4452 E	5	22.1	41.0	0.0	1.0
omgseq_006343	2015-04-17 16:51:03	Shizuoka, Mishima, Japan	35.3746 N 139.4251 E	9	22.1	41.0	0.0	1.0
omgseq_006351	2015-04-17 16:58:02	Shizuoka, Mishima, Japan	35.7535 N 139.7187 E	6	22.1	41.0	0.0	1.0
omgseq_006416	2015-03-18 16:51:00	Shizuoka, Mishima, Japan	35.7535 N 139.7188 E	15	18.3	60.0	0.0	0.2
omgseq_006424	2015-03-18 16:57:00	Shizuoka, Mishima, Japan	35.7529 N 139.7191 E	15	18.3	60.0	0.0	0.2
omgseq_006432	2015-03-17 16:10:00	Shizuoka, Mishima, Japan	35.7538 N 139.7191 E	12	17.4	66.0	0.0	1.0
omgseq_006441	2015-03-17 16:00:00	Shizuoka, Mishima, Japan	34.4356 N 134.2458 E	12	17.4	66.0	0.0	1.0
omgseq_019216	2015-04-09 12:01:00	Hyogo, Sasayama, Japan	35.6169 N 135.7383 E	not collected	9.8	40.0	0.0	1.0
omgseq_019224	2015-04-09 12:26:00	Tokyo, Shinagawa, Japan	35.3711 N 139.4353 E	not collected	9.8	40.0	0.0	1.0
omgseq_019232	2015-04-09 11:50:00	Tokyo, Shinagawa, Japan	35.3744 N 139.4452 E	not collected	9.5	39.0	0.0	1.0
omgseq_019241	2015-04-04 16:49:00	Tokyo, Shinagawa, Japan	35.3746 N 139.4251 E	not collected	12.6	61.0	0.0	0.0
omgseq_019259	2015-04-06 10:05:20	Tokyo, Itabashi, Japan	35.7535 N 139.7187 E	10	17.5	58.0	0.0	1.0
omgseq_019267	2015-04-06 10:30:29	Tokyo, Itabashi, Japan	35.7535 N 139.7188 E	10	17.5	58.0	0.0	1.0
omgseq_019275	2015-04-06 12:07:06	Tokyo, Itabashi, Japan	35.7529 N 139.7191 E	10	20.9	55.0	0.0	1.0
omgseq_019283	2015-04-06 10:47:48	Tokyo, Itabashi, Japan	35.7538 N 139.7191 E	10	17.5	58.0	0.0	1.0
omgseq_019291	2015-04-12 10:07:00	Hyogo, Ako, Japan	34.4356 N 134.2458 E	4	14.3	not collected	0.0	1.0
omgseq_019305	2015-04-12 16:09:00	Hyogo, Sasayama, Japan	35.6169 N 135.7383 E	10	17.4	not collected	0.0	0.0
omgseq_019615	2015-04-07 17:48:00	Shizuoka, Mishima, Japan	35.1183 N 138.9371 E	11	11.8	84.0	0.0	0.0
omgseq_019623	2015-04-07 17:55:00	Shizuoka, Mishima, Japan	35.1183 N 138.9371 E	11	11.8	84.0	0.0	0.0
omgseq_019631	2015-04-07 18:01:59	Shizuoka, Mishima, Japan	35.1183 N 138.9371 E	11	11.3	85.0	0.0	0.0
omgseq_019640	2015-04-07 18:09:14	Shizuoka, Mishima, Japan	35.1193 N 138.9374 E	11	11.3	85.0	0.0	0.0
omgseq_019658	2015-04-07 18:15:06	Shizuoka, Mishima, Japan	35.1193 N 138.9374 E	11	11.3	85.0	0.0	0.0
omgseq_019666	2015-04-16 16:11:23	Shizuoka, Mishima, Japan	35.1193 N 138.9374 E	7	20.5	43.0	0.0	0.8
omgseq_019674	2015-04-16 16:18:50	Shizuoka, Mishima, Japan	35.1197 N 138.9376 E	8	20.5	43.0	0.0	0.8
omgseq_019682	2015-04-16 16:26:07	Shizuoka, Mishima, Japan	35.1198 N 138.9379 E	1	20.5	43.0	0.0	0.8
omgseq_019691	2015-04-16 16:38:45	Shizuoka, Mishima, Japan	35.1198 N 138.9379 E	1	20.5	43.0	0.0	0.8
omgseq_019704	2015-04-16 16:49:12	Shizuoka, Mishima, Japan	35.1181 N 138.9379 E	5	20.5	43.0	0.0	0.8
